"lastname","state","firstname","middlename","title","party.x","gender.x","twitter_id","first.name","district","party.y","gender.y","nameid","icpsr.id","missingVotes","idealPoint","lo","up","label"
"Ackerman","NY","Gary","L.","Rep","D","M","repgaryackerman","Gary",5,"D","M","A000022",15080,20,-1.15935466180226,-1.32732185126967,-0.984674139564678,"Ackerman (D NY-5)"
"Adams","FL","Sandra","","Rep","R","F","RepSandyAdams","Sandra",24,"R","F","A000366",NA,4,0.986753314681516,0.836243189722576,1.11765810282991,"Adams (R FL-24)"
"Aderholt","AL","Robert","B.","Rep","R","M","Robert_Aderholt","Robert",4,"R","M","A000055",29701,9,0.726355288948545,0.593448498861013,0.844309242165069,"Aderholt (R AL-4)"
"Akin","MO","W. Todd","","Rep","R","M","ToddAkin","Todd",2,"R","M","A000358",20123,27,0.981890294346048,0.844332598310221,1.12386630068186,"Akin (R MO-2)"
"Alexander","LA","Rodney","M.","Rep","R","M","USRepAlexander","Rodney",5,"R","M","A000361",20327,16,0.614509085689729,0.492139574068725,0.735274639124706,"Alexander (R LA-5)"
"Altmire","PA","Jason","","Rep","D","M","RepJasonAltmire","Jason",4,"D","M","A000362",20743,4,-0.0929796233074392,-0.19108931412006,-0.011562537326639,"Altmire (D PA-4)"
"Amash","MI","Justin","","Rep","R","M","repjustinamash","Justin",3,"R","M","A000367",NA,29,0.820103699549475,0.693203520206737,0.939520926374483,"Amash (R MI-3)"
"Austria","OH","Steven","","Rep","R","M","SteveAustria","Steve",7,"R","M","A000365",NA,12,0.692094507707197,0.565189446815011,0.808411407074287,"Austria (R OH-7)"
"Baca","CA","Joe","","Rep","D","M","BacaCA43","Joe",43,"D","M","B001234",29942,47,-0.813782742156541,-0.941425631235751,-0.681308541888935,"Baca (D CA-43)"
"Bachmann","MN","Michele","","Rep","R","F","MicheleBachmann","Michele",6,"R","F","B001256",20728,108,0.930899417070183,0.788847255375737,1.08364108168169,"Bachmann (R MN-6)"
"Bachus","AL","Spencer","","Rep","R","M","BachusAL06","Spencer",6,"R","M","B000013",29301,18,0.708923836959077,0.574899518403586,0.825495657058081,"Bachus (R AL-6)"
"Baldwin","WI","Tammy","","Rep","D","F","RepTammyBaldwin","Tammy",2,"D","F","B001230",29940,7,-1.73046684481889,-1.99922245060258,-1.42702613151882,"Baldwin (D WI-2)"
"Barletta","PA","Lou","","Rep","R","M","RepLouBarletta","Lou",11,"R","M","B001269",NA,9,0.521265860689089,0.405214331063219,0.635732185806351,"Barletta (R PA-11)"
"Barrow","GA","John","","Rep","D","M","repjohnbarrow","John",12,"D","M","B001252",20507,7,-0.322522868614396,-0.420641716960046,-0.231122647772529,"Barrow (D GA-12)"
"Barton","TX","Joe","Linus","Rep","R","M","RepJoeBarton","Joe",6,"R","M","B000213",15202,46,0.879642944351813,0.745997191514032,1.00481084281506,"Barton (R TX-6)"
"Bass","CA","Karen","","Rep","D","F","RepKarenBass","Karen",33,"D","F","B001270",NA,23,-1.70500623375251,-2.00701693166183,-1.44505127831681,"Bass (D CA-33)"
"Bass","NH","Charles","","Rep","R","M","RepCharlesBass","Charles",2,"R","M","B000220",29538,14,0.319363525145404,0.217371675103917,0.415632714494546,"Bass (R NH-2)"
"Becerra","CA","Xavier","","Rep","D","M","repbecerra","Xavier",31,"D","M","B000287",29316,22,-1.39546229576613,-1.60374503733295,-1.15713874719584,"Becerra (D CA-31)"
"Benishek","MI","Dan","","Rep","R","M","CongressmanDan","Dan",1,"R","M","B001271",NA,6,1.09790001403877,0.938376224105141,1.24383276968952,"Benishek (R MI-1)"
"Berg","ND","Rick","","Rep","R","M","RepRickBerg","Rick",1,"R","M","B001272",NA,29,0.710775476897197,0.581031869416014,0.836965032353793,"Berg (R ND-1)"
"Berkley","NV","Shelley","","Rep","D","F","repberkley","Shelley",1,"D","F","B001231",29922,23,-0.845087140942196,-0.984109602520525,-0.720973740490421,"Berkley (D NV-1)"
"Berman","CA","Howard","L.","Rep","D","M","RepHowardBerman","Howard",28,"D","M","B000410",15004,21,-1.10838374493953,-1.27505017656346,-0.95441111539679,"Berman (D CA-28)"
"Biggert","IL","Judy","","Rep","R","F","JudyBiggert","Judy",13,"R","F","B001232",29912,6,0.401215308072899,0.29755272390829,0.511197975351409,"Biggert (R IL-13)"
"Bilbray","CA","Brian","P.","Rep","R","M","BilbrayCA50","Brian",50,"R","M","B000461",29508,45,0.583978803537149,0.470906337344756,0.703204210695881,"Bilbray (R CA-50)"
"Bilirakis","FL","Gus","Michael","Rep","R","M","RepGusBilirakis","Gus",9,"R","M","B001257",NA,24,0.676914072505078,0.549036360164323,0.801145506286291,"Bilirakis (R FL-9)"
"Bishop","GA","Sanford","D.","Rep","D","M","SanfordBishop","Sanford",2,"D","M","B000490",29339,44,-0.52991005017583,-0.640157507533722,-0.421818389690307,"Bishop Jr. (D GA-2)"
"Black","TN","Diane","","Rep","R","F","dianeblacktn06","Diane",6,"R","M","B001273",NA,26,1.0652680704096,0.92718715229771,1.22980833675237,"Black (R TN-6)"
"Blackburn","TN","Marsha","","Rep","R","F","MarshaBlackburn","Marsha",7,"R","F","B001243",20351,10,1.20626987958912,1.0292309280838,1.36677362267648,"Blackburn (R TN-7)"
"Blumenauer","OR","Earl","","Rep","D","M","blumenauermedia","Earl",3,"D","M","B000574",29588,47,-1.1429541895532,-1.31502608848424,-0.976805811206321,"Blumenauer (D OR-3)"
"Boehner","OH","John","A.","Rep","R","M","SpeakerBoehner","John",8,"R","M","B000589",15806,689,1.22431593635897,-0.0701985455303929,2.73570704888528,"Boehner (R OH-8)"
"Bonner","AL","Josiah","Robins","Rep","R","M","repjobonner","Jo",1,"R","M","B001244",20300,11,0.653389042525,0.528903908568229,0.774410370985755,"Bonner (R AL-1)"
"Bono Mack","CA","Mary","Whitaker","Rep","R","F","MaryBonoMack","Mary",45,"R","F","B001228",29775,16,0.760130242040986,0.630880010542061,0.884318747777132,"Bono Mack (R CA-45)"
"Boswell","IA","Leonard","L.","Rep","D","M","LeonardBoswell","Leonard",3,"D","M","B000652",29721,13,-0.572440285221023,-0.684928703813465,-0.471475064184014,"Boswell (D IA-3)"
"Boustany","LA","Charles","","Rep","R","M","RepBoustany","Charles",7,"R","M","B001255",20514,36,0.819589102980325,0.682050208149647,0.942494610286146,"Boustany Jr. (R LA-7)"
"Brady","PA","Robert","A.","Rep","D","M","RepBrady","Robert",1,"D","M","B001227",29777,17,-1.07805407753975,-1.23318565575182,-0.910157869573169,"Brady (D PA-1)"
"Brady","TX","Kevin","P.","Rep","R","M","RepKevinBrady","Kevin",8,"R","M","B000755",29760,25,1.31012828995323,1.10598006013331,1.49339799395716,"Brady (R TX-8)"
"Braley","IA","Bruce","","Rep","D","M","brucebraley","Bruce",1,"D","M","B001259",20719,46,-1.05087619231872,-1.19758012219129,-0.878185618043848,"Braley (D IA-1)"
"Brooks","AL","Mo","","Rep","R","M","RepMoBrooks","Mo",5,"R","M","B001274",NA,12,0.906983783117246,0.765880814428246,1.03090544702213,"Brooks (R AL-5)"
"Broun","GA","Paul","C.","Rep","R","M","RepPaulBrounMD","Paul",10,"R","M","B001262",20753,25,1.25837929456186,1.08789562504688,1.44757492100409,"Broun (R GA-10)"
"Buchanan","FL","Vern","","Rep","R","M","VernBuchanan","Vern",13,"R","M","B001260",20709,22,0.675133546712686,0.548580207928493,0.796968915340168,"Buchanan (R FL-13)"
"Bucshon","IN","Larry","","Rep","R","M","RepLarryBucshon","Larry",8,"R","M","B001275",NA,6,0.756525845658757,0.629283813066524,0.879589148504431,"Bucshon (R IN-8)"
"Buerkle","NY","Ann","","Rep","R","F","RepBuerkle","Ann Marie",25,"R","F","B001276",NA,7,1.05001932804897,0.893905020517562,1.1911343150023,"Buerkle (R NY-25)"
"Burgess","TX","Michael","C.","Rep","R","M","michaelcburgess","Michael",26,"R","M","B001248",20355,11,0.868093949620832,0.727760725860679,0.99018389233847,"Burgess (R TX-26)"
"Burton","IN","Dan","L.","Rep","R","M","RepDanBurton","Dan",5,"R","M","B001149",15013,48,1.28755332646011,1.10204850302705,1.48237286265954,"Burton (R IN-5)"
"Calvert","CA","Ken","S.","Rep","R","M","KenCalvert","Ken",44,"R","M","C000059",29323,7,0.705900577289343,0.577174704136928,0.82160203613145,"Calvert (R CA-44)"
"Camp","MI","David","Lee","Rep","R","M","RepDaveCamp","Dave",4,"R","M","C000071",15808,11,0.680118684251114,0.551175527612542,0.801995846945184,"Camp (R MI-4)"
"Campbell","CA","John","B.T.","Rep","R","M","RepJohnCampbell","John",48,"R","M","C001064",20539,46,0.910968744964365,0.773002512625343,1.04211887188781,"Campbell (R CA-48)"
"Canseco","TX","Francisco","","Rep","R","M","RepCanseco","Francisco",23,"R","M","C001082",NA,8,1.10865198110727,0.957973182128331,1.27135726312646,"Canseco (R TX-23)"
"Cantor","VA","Eric","I.","Rep","R","M","gopleader","Eric",7,"R","M","C001046",20144,64,0.962439029549629,0.810324358654927,1.0968801168936,"Cantor (R VA-7)"
"Capito","WV","Shelley","Moore","Rep","R","F","RepShelley","Shelley",2,"R","F","C001047",20146,6,0.509507957958344,0.391036349429152,0.621696832960507,"Capito (R WV-2)"
"Cardoza","CA","Dennis","A.","Rep","D","M","RepCardoza","Dennis",18,"D","M","C001050",20306,34,-0.326679514872485,-0.424049964890083,-0.234223666286493,"Cardoza (D CA-18)"
"Carnahan","MO","John","Russell","Rep","D","M","RepCarnahan","Russ",3,"D","M","C001060",20516,15,-0.97278676578318,-1.11466887383801,-0.822414213088012,"Carnahan (D MO-3)"
"Carter","TX","John","R.","Rep","R","M","JudgeCarter","John",31,"R","M","C001051",20356,21,0.82449398333404,0.686260575803793,0.94949241355674,"Carter (R TX-31)"
"Chabot","OH","Steven","J.","Rep","R","M","RepSteveChabot","Steven",1,"R","M","C000266",29550,4,1.24329244917083,1.06388114070722,1.42012102711666,"Chabot (R OH-1)"
"Chaffetz","UT","Jason","","Rep","R","M","jasoninthehouse","Jason",3,"R","M","C001076",NA,39,1.09877698718651,0.933039383549612,1.25099415089382,"Chaffetz (R UT-3)"
"Chu","CA","Judy","M.","Rep","D","F","RepJudyChu","Judy",32,"D","F","C001080",NA,15,-1.47900788156475,-1.69827971365055,-1.2442541755439,"Chu (D CA-32)"
"Clarke","MI","Hansen","","Rep","D","M","hansenclarke","Hansen",13,"D","M","C001085",NA,11,-1.36182780456416,-1.57177768293788,-1.15694349390684,"Clarke (D MI-13)"
"Clarke","NY","Yvette","D.","Rep","D","F","YvetteClarke","Yvette",11,"D","F","C001067",20733,25,-1.72096098520785,-2.00744512828857,-1.45652003678631,"Clarke (D NY-11)"
"Cleaver","MO","Emanuel","","Rep","D","M","repcleaver","Emanuel",5,"D","M","C001061",20517,24,-1.09928006963071,-1.25543521071683,-0.931678189214043,"Cleaver II (D MO-5)"
"Clyburn","SC","James","E.","Rep","D","M","clyburn","James",6,"D","M","C000537",39301,13,-0.968946882397494,-1.12601640435515,-0.831352337836058,"Clyburn (D SC-6)"
"Coffman","CO","Mike","","Rep","R","M","RepMikeCoffman","Mike",6,"R","M","C001077",NA,9,0.868956024847068,0.742406813558683,1.00879873267009,"Coffman (R CO-6)"
"Cohen","TN","Steve","","Rep","D","M","repcohen","Steve",9,"D","M","C001068",20748,28,-1.16922490717895,-1.3486597673214,-1.00732041780538,"Cohen (D TN-9)"
"Conyers","MI","John","","Rep","D","M","repjohnconyers","John",14,"D","M","C000714",10713,31,-1.18680250020765,-1.36551635653706,-1.01488851198631,"Conyers Jr. (D MI-14)"
"Cooper","TN","Jim","","Rep","D","M","repjimcooper","Jim",5,"D","M","C000754",15018,15,-0.402136031765348,-0.502658427759209,-0.302237803664092,"Cooper (D TN-5)"
"Costello","IL","Jerry","F.","Rep","D","M","jerrycostello","Jerry",12,"D","M","C000794",15452,25,-0.443477398290488,-0.546545250149895,-0.347349059608363,"Costello (D IL-12)"
"Courtney","CT","Joseph","D.","Rep","D","M","connecticutjoe","Joe",2,"D","M","C001069",20706,9,-0.99605948400509,-1.14710305311305,-0.843823804225167,"Courtney (D CT-2)"
"Cravaack","MN","Chip","","Rep","R","M","RepChipCravaack","Chip",8,"R","M","C001086",NA,9,0.690034932099992,0.5713872047681,0.816450543102599,"Cravaack (R MN-8)"
"Crawford","AR","Rick","","Rep","R","M","RepRickCrawford","Rick",1,"R","M","C001087",NA,10,0.726107645241751,0.59026662808668,0.844919234162755,"Crawford (R AR-1)"
"Crenshaw","FL","Ander","","Rep","R","M","AnderCrenshaw","Ander",4,"R","M","C001045",20111,9,0.64474445867843,0.523957701337214,0.772134431167352,"Crenshaw (R FL-4)"
"Critz","PA","Mark","S.","Rep","D","M","RepMarkCritz","Mark",12,"D","M","C001081",NA,8,-0.377278015580541,-0.469998262494038,-0.277199633707819,"Critz (D PA-12)"
"Crowley","NY","Joseph","","Rep","D","M","repjoecrowley","Joseph",7,"D","M","C001038",29925,39,-1.28871688990631,-1.50600567801184,-1.1022864884298,"Crowley (D NY-7)"
"Cuellar","TX","Henry","","Rep","D","M","RepCuellar","Henry",28,"D","M","C001063",20533,6,-0.317479516929751,-0.409306919631423,-0.221883323926618,"Cuellar (D TX-28)"
"Culberson","TX","John","A.","Rep","R","M","congculberson","John",7,"R","M","C001048",20139,69,0.968093763416294,0.829020808613733,1.10768082925678,"Culberson (R TX-7)"
"Davis","KY","Geoff","","Rep","R","M","RepGeoffDavis","Geoff",4,"R","M","D000603",20511,7,0.671759328236444,0.540188858588983,0.793694834039006,"Davis (R KY-4)"
"DeFazio","OR","Peter","A.","Rep","D","M","RepPeterDeFazio","Peter",4,"D","M","D000191",15409,26,-0.79884301080837,-0.933413450836863,-0.677130515136827,"DeFazio (D OR-4)"
"DeGette","CO","Diana","L.","Rep","D","F","RepDianaDeGette","Diana",1,"D","F","D000197",29710,16,-1.2798717673371,-1.47993664044653,-1.08329543945193,"DeGette (D CO-1)"
"DeLauro","CT","Rosa","L.","Rep","D","F","rosadelauro","Rosa",3,"D","F","D000216",15813,11,-1.29421878054315,-1.4934216659114,-1.09884845691776,"DeLauro (D CT-3)"
"Denham","CA","Jeff","","Rep","R","M","RepJeffDenham","Jeffrey",19,"R","M","D000612",NA,21,0.799487885505924,0.664668028744659,0.925421930487,"Denham (R CA-19)"
"DesJarlais","TN","Scott","","Rep","R","M","tndesjarlais","Scott",4,"R","M","D000616",NA,5,0.898338870807292,0.765386366697124,1.0351530339678,"DesJarlais (R TN-4)"
"Deutch","FL","Ted","","Rep","D","M","repteddeutch","Ted",19,"D","M","D000610",NA,37,-1.23483764503749,-1.43412555789319,-1.04064799561746,"Deutch (D FL-19)"
"Diaz-Balart","FL","Mario","","Rep","R","M","MarioDB","Mario",21,"R","M","D000600",20316,21,0.465119897332106,0.350964619736886,0.576899242930823,"Diaz-Balart (R FL-21)"
"Dicks","WA","Norman","D.","Rep","D","M","RepNormDicks","Norman",6,"D","M","D000327",14413,14,-0.885422996101327,-1.02497800052977,-0.747649980937469,"Dicks (D WA-6)"
"Dingell","MI","John","D.","Rep","D","M","john_dingell","John",15,"D","M","D000355",2605,29,-0.886155653018847,-1.02306705651248,-0.749243970338555,"Dingell (D MI-15)"
"Doggett","TX","Lloyd","A.","Rep","D","M","RepLloydDoggett","Lloyd",25,"D","M","D000399",29571,19,-1.0543887586543,-1.22027499722459,-0.903377616604987,"Doggett (D TX-25)"
"Dold","IL","Robert","","Rep","R","M","RepDold","Robert",10,"R","M","D000613",NA,16,0.332276332219471,0.229100100440187,0.435046636555605,"Dold (R IL-10)"
"Donnelly","IN","Joe","","Rep","D","M","RepDonnelly","Joe",2,"D","M","D000607",20717,4,-0.303296007953865,-0.404650161397835,-0.208477598501618,"Donnelly (D IN-2)"
"Doyle","PA","Michael","F.","Rep","D","M","USRepMikeDoyle","Mike",14,"D","M","D000482",29561,20,-0.99424539904933,-1.14578198837443,-0.852555627650836,"Doyle (D PA-14)"
"Duffy","WI","Sean","","Rep","R","M","RepSeanDuffy","Sean",7,"R","M","D000614",NA,12,0.762887499261952,0.628785543292035,0.885815795674353,"Duffy (R WI-7)"
"Edwards","MD","Donna","","Rep","D","F","repdonnaedwards","Donna",4,"D","F","E000290",NA,11,-1.47915319202049,-1.7116305799853,-1.24997646241543,"Edwards (D MD-4)"
"Ellison","MN","Keith","M.","Rep","D","M","keithellison","Keith",5,"D","M","E000288",20727,94,-1.81406184298218,-2.10936745260056,-1.5067431325088,"Ellison (D MN-5)"
"Ellmers","NC","Renee","","Rep","R","F","RepReneeEllmers","Renee",2,"R","F","E000291",NA,6,0.880987374014797,0.75438812976253,1.02054336210581,"Ellmers (R NC-2)"
"Eshoo","CA","Anna","G.","Rep","D","F","RepAnnaEshoo","Anna",14,"D","F","E000215",29312,57,-1.06120634858832,-1.219612844212,-0.892860856316799,"Eshoo (D CA-14)"
"Farr","CA","Sam","","Rep","D","M","RepSamFarr","Sam",17,"D","M","F000030",29313,16,-1.2613782047033,-1.44996356062427,-1.08442495198148,"Farr (D CA-17)"
"Fattah","PA","Chaka","","Rep","D","M","chakafattah","Chaka",2,"D","M","F000043",29559,33,-1.0941866383601,-1.26051044336473,-0.939291166873644,"Fattah (D PA-2)"
"Filner","CA","Bob","","Rep","D","M","CongBobFilner","Bob",51,"D","M","F000116",29325,61,-2.24446542176109,-2.68650341005469,-1.87218181174216,"Filner (D CA-51)"
"Fincher","TN","Stephen","","Rep","R","M","RepFincherTN08","Stephen",8,"R","M","F000458",NA,7,0.902611324226964,0.770589314800436,1.03508402112605,"Fincher (R TN-8)"
"Fitzpatrick","PA","Michael","","Rep","R","M","RepFitzpatrick","Michael",8,"R","M","F000451",20524,12,0.29259781815913,0.196935569340241,0.396988629452702,"Fitzpatrick (R PA-8)"
"Flake","AZ","Jeff","","Rep","R","M","JeffFlake","Jeff",6,"R","M","F000444",20100,31,1.2123213124497,1.03460694671446,1.38337508053027,"Flake (R AZ-6)"
"Fleischmann","TN","Chuck","","Rep","R","M","RepChuck","Chuck",3,"R","M","F000459",NA,4,0.915668860282366,0.769384277214642,1.046385031809,"Fleischmann (R TN-3)"
"Fleming","LA","John","","Rep","R","M","RepFleming","John",4,"R","M","F000456",NA,8,1.22396437275649,1.05041720063995,1.40132753159556,"Fleming (R LA-4)"
"Flores","TX","Bill","","Rep","R","M","RepFlores","Bill",17,"R","M","F000461",NA,13,1.08817411740832,0.92969604201528,1.23742711901191,"Flores (R TX-17)"
"Forbes","VA","James","Randy","Rep","R","M","Randy_Forbes","J.",4,"R","M","F000445",20143,9,0.671077204900244,0.542879361131314,0.787669195223296,"Forbes (R VA-4)"
"Fortenberry","NE","Jeff","","Rep","R","M","JeffFortenberry","Jeff",1,"R","M","F000449",20518,15,0.408837221414961,0.300910942135709,0.511502870754357,"Fortenberry (R NE-1)"
"Foxx","NC","Virginia","Ann","Rep","R","F","virginiafoxx","Virginia",5,"R","F","F000450",20521,6,1.16793038553972,1.00943227518966,1.33739581615078,"Foxx (R NC-5)"
"Franks","AZ","Trent","","Rep","R","M","RepTrentFranks","Trent",2,"R","M","F000448",20304,11,1.165029548829,1.00201360033752,1.32793513792021,"Franks (R AZ-2)"
"Frelinghuysen","NJ","Rodney","P.","Rep","R","M","RodneyforNJ","Rodney",11,"R","M","F000372",29541,116,0.490143287344012,0.373308596902525,0.616866666331037,"Frelinghuysen (R NJ-11)"
"Fudge","OH","Marcia","L.","Rep","D","F","marciafudge","Marcia",11,"D","F","F000455",NA,10,-1.41391545563372,-1.63251471775709,-1.20178345598385,"Fudge (D OH-11)"
"Gallegly","CA","Elton","W.","Rep","R","M","eltongallegly24","Elton",24,"R","M","G000021",15412,14,0.780680544405646,0.655388911533208,0.908678645579966,"Gallegly (R CA-24)"
"Garamendi","CA","John","","Rep","D","M","garamendica10","John",10,"D","M","G000559",NA,34,-1.30431488958728,-1.51271862694758,-1.12340898530944,"Garamendi (D CA-10)"
"Gardner","CO","Cory","","Rep","R","M","RepCory","Cory",4,"R","M","G000562",NA,6,0.791255384544143,0.656623950546054,0.918292875817292,"Gardner (R CO-4)"
"Gerlach","PA","Jim","","Rep","R","M","JimGerlach","Jim",6,"R","M","G000549",20345,13,0.356034119104227,0.249298989550586,0.454122710016291,"Gerlach (R PA-6)"
"Gibbs","OH","Bob","","Rep","R","M","Bob_gibbs","Bob",18,"R","M","G000563",NA,6,0.855464597519391,0.7270049518846,0.990457112825052,"Gibbs (R OH-18)"
"Gibson","NY","Christopher","","Rep","R","M","RepChrisGibson","Chris",20,"R","M","G000564",NA,6,0.275448823740996,0.16763463996534,0.364213104038282,"Gibson (R NY-20)"
"Giffords","AZ","Gabrielle","","Rep","D","F","Rep_Giffords","Gabrielle",8,"D","F","G000554",20701,684,-1.050211472975,-2.01739130540915,-0.173451580015947,"Giffords (D AZ-8)"
"Gingrey","GA","Phil","","Rep","R","M","RepPhilGingrey","Phil",11,"R","M","G000550",20319,51,1.026735501701,0.882422778440597,1.17047680249928,"Gingrey (R GA-11)"
"Gohmert","TX","Louis","","Rep","R","M","replouiegohmert","Louie",1,"R","M","G000552",20527,53,0.868184034011501,0.741892541346801,1.00571466843043,"Gohmert (R TX-1)"
"Goodlatte","VA","Robert","W.","Rep","R","M","RepGoodlatte","Robert",6,"R","M","G000289",39308,6,0.957820568994813,0.819729284037373,1.09075823156816,"Goodlatte (R VA-6)"
"Gosar","AZ","Paul","","Rep","R","M","RepGosar","Paul",1,"R","M","G000565",NA,8,0.792906965435058,0.666200684113442,0.922930086441315,"Gosar (R AZ-1)"
"Granger","TX","Kay","","Rep","R","F","RepKayGranger","Kay",12,"R","F","G000377",29762,21,0.717297514171336,0.58057529591517,0.834592903731444,"Granger (R TX-12)"
"Graves","GA","John","Thomas","Rep","R","M","reptomgraves","Tom",9,"R","M","G000560",NA,8,1.4447052712588,1.22762923080322,1.66536460268972,"Graves (R GA-9)"
"Green","TX","Al","","Rep","D","M","RepAlGreen","Gene",29,"D","M","G000410",39304,27,-0.385908697916728,-0.48757072356043,-0.289292134485395,"Green (D TX-29)"
"Green","TX","Al","","Rep","D","M","RepAlGreen","Al",9,"D","M","G000553",20529,14,-0.662321043623978,-0.77108812481407,-0.541259282506247,"Green (D TX-9)"
"Green","TX","Raymond","Eugene","Rep","D","M","RepGeneGreen","Gene",29,"D","M","G000410",39304,27,-0.385908697916728,-0.48757072356043,-0.289292134485395,"Green (D TX-29)"
"Green","TX","Raymond","Eugene","Rep","D","M","RepGeneGreen","Al",9,"D","M","G000553",20529,14,-0.662321043623978,-0.77108812481407,-0.541259282506247,"Green (D TX-9)"
"Griffin","AR","Tim","","Rep","R","M","RepTimGriffin","Tim",2,"R","M","G000567",NA,6,0.838710606772909,0.704431318098876,0.968035929248571,"Griffin (R AR-2)"
"Griffith","VA","Morgan","","Rep","R","M","RepMGriffith","Morgan",9,"R","M","G000568",NA,22,0.845333688203912,0.720746105533614,0.971850699394364,"Griffith (R VA-9)"
"Grijalva","AZ","Raul","M.","Rep","D","M","repraulgrijalva","Raúl",7,"D","M","G000551",20305,40,-1.31804452584412,-1.51767972853021,-1.12339100626139,"Grijalva (D AZ-7)"
"Guinta","NH","Frank","","Rep","R","M","frankguinta","Frank",1,"R","M","G000570",NA,14,0.862858713546469,0.719654079202981,0.98907385680919,"Guinta (R NH-1)"
"Gutierrez","IL","Luis","V.","Rep","D","M","repgutierrez","Luis",4,"D","M","G000535",29348,63,-1.2027954888248,-1.38220290860853,-1.01671793625575,"Gutierrez (D IL-4)"
"Hanabusa","HI","Colleen","","Rep","D","F","colleenhanabusa","Colleen",1,"D","F","H001050",NA,13,-1.12903246847603,-1.30376420844874,-0.958587412788068,"Hanabusa (D HI-1)"
"Hanna","NY","Richard","","Rep","R","M","RepRichardHanna","Richard",24,"R","M","H001051",NA,31,0.295133838076945,0.198101764145846,0.400003181869384,"Hanna (R NY-24)"
"Harman","CA","Jane","","Rep","D","F","RepJaneHarman","Jane",36,"D","F","H000213",29318,606,-0.808833248678956,-1.09043721453057,-0.552883569450873,"Harman (D CA-36)"
"Harper","MS","Gregg","","Rep","R","M","GreggHarper","Gregg",3,"R","M","H001045",NA,8,0.784582412448076,0.651957668737605,0.906736651050652,"Harper (R MS-3)"
"Hartzler","MO","Vicky","","Rep","R","F","RepHartzler","Vicky",4,"R","F","H001053",NA,6,0.976454056212615,0.82999868486825,1.11339736289255,"Hartzler (R MO-4)"
"Hayworth","NY","Nan","","Rep","R","F","RepNanHayworth","Nan",19,"R","F","H001054",NA,7,0.510605912079394,0.39033010451549,0.61680501266761,"Hayworth (R NY-19)"
"Heck","NV","Joe","","Rep","R","M","heck4nevada","Joe",3,"R","M","H001055",NA,4,0.503245942505027,0.391132460061815,0.622106042093912,"Heck (R NV-3)"
"Heller","NV","Dean","","Rep","R","M","DeanHeller","Dean",2,"R","M","H001041",20730,404,0.816137900796488,0.638952627900015,1.0270662392371,"Heller (R NV-2)"
"Hensarling","TX","Jeb","","Rep","R","M","RepHensarling","Jeb",5,"R","M","H001036",20352,6,1.40439583191717,1.18408247231611,1.61580066153401,"Hensarling (R TX-5)"
"Herrera","WA","Jaime","","Rep","R","F","herrerabeutler","Jaime",3,"R","F","H001056",NA,11,0.613518050222573,0.487959088638885,0.732313783526797,"Herrera Beutler (R WA-3)"
"Higgins","NY","Brian","M.","Rep","D","M","RepBrianHiggins","Brian",27,"D","M","H001038",20519,15,-0.970222010539152,-1.12181336346133,-0.816421252540837,"Higgins (D NY-27)"
"Himes","CT","Jim","","Rep","D","M","jahimes","Jim",4,"D","M","H001047",NA,8,-0.741521038877962,-0.861657238441388,-0.622174911865729,"Himes (D CT-4)"
"Hinchey","NY","Maurice","D.","Rep","D","M","mauricehinchey","Maurice",22,"D","M","H000627",29380,212,-1.36136752453674,-1.58334998445303,-1.12215690885469,"Hinchey (D NY-22)"
"Hinojosa","TX","Ruben","E.","Rep","D","M","USRepRHinojosa","Rubén",15,"D","M","H000636",29763,98,-0.609023899662629,-0.736341407768854,-0.501361735291067,"Hinojosa (D TX-15)"
"Hirono","HI","Mazie","K.","Rep","D","F","maziehirono","Mazie",2,"D","F","H001042",20713,32,-1.48178279417938,-1.70841133177997,-1.25356449534385,"Hirono (D HI-2)"
"Holden","PA","Tim","","Rep","D","M","RepTimHolden","Tim",17,"D","M","H000712",29396,51,-0.286309920782016,-0.386416678648291,-0.194465979725783,"Holden (D PA-17)"
"Holt","NJ","Rush","D.","Rep","D","M","rushholt","Rush",12,"D","M","H001032",29923,6,-1.35380665420023,-1.55985895369388,-1.160143852642,"Holt (D NJ-12)"
"Honda","CA","Michael","M.","Rep","D","M","RepMikeHonda","Michael",15,"D","M","H001034",20103,29,-1.58397783488506,-1.83994692880519,-1.33475495854565,"Honda (D CA-15)"
"Hoyer","MD","Steny","H.","Rep","D","M","leaderhoyer","Steny",5,"D","M","H000874",14873,47,-1.02663519353445,-1.19364377804358,-0.880346414720141,"Hoyer (D MD-5)"
"Huelskamp","KS","Tim","","Rep","R","M","conghuelskamp","Tim",1,"R","M","H001057",NA,6,1.07836835878877,0.910938821722349,1.22234282045527,"Huelskamp (R KS-1)"
"Huizenga","MI","Bill","","Rep","R","M","rephuizenga","Bill",2,"R","M","H001058",NA,8,1.14065745029725,0.98352532303215,1.30015063450705,"Huizenga (R MI-2)"
"Hultgren","IL","Randy","","Rep","R","M","randyhultgren","Randy",14,"R","M","H001059",NA,7,0.804663076083263,0.670562351953725,0.932983532498449,"Hultgren (R IL-14)"
"Hurt","VA","Robert","","Rep","R","M","RepRobertHurt","Robert",5,"R","M","H001060",NA,17,1.09708866296652,0.934318138853571,1.25339289170423,"Hurt (R VA-5)"
"Israel","NY","Steve","J.","Rep","D","M","RepSteveIsrael","Steve",2,"D","M","I000057",20129,10,-1.00286008898248,-1.15293100840654,-0.845315579113116,"Israel (D NY-2)"
"Issa","CA","Darrell","","Rep","R","M","DarrellIssa","Darrell",49,"R","M","I000056",20107,12,1.02574461109062,0.878237118502179,1.17124776610058,"Issa (R CA-49)"
"Jackson Lee","TX","Sheila","","Rep","D","F","JacksonLeeTX18","Sheila",18,"D","F","J000032",29573,27,-0.780449943948755,-0.902221126619158,-0.658413448654591,"Jackson-Lee (D TX-18)"
"Jenkins","KS","Lynn","M.","Rep","R","F","RepLynnJenkins","Lynn",2,"R","F","J000290",NA,4,0.99096152567552,0.842295977701125,1.12640236981118,"Jenkins (R KS-2)"
"Johnson","GA","Henry","C.","Rep","D","M","RepHankJohnson","Hank",4,"D","M","J000288",20712,35,-1.17121380902733,-1.35887142696018,-0.990901961428292,"Johnson (D GA-4)"
"Johnson","IL","Timothy","V.","Rep","R","M","RepTimJohnson","Timothy",15,"R","M","J000285",20116,27,0.355192336007061,0.253401391347355,0.456058334679616,"Johnson (R IL-15)"
"Johnson","OH","Bill","","Rep","R","M","repbilljohnson","Bill",6,"R","M","J000292",NA,6,0.917616300053674,0.772635755175018,1.04329747417567,"Johnson (R OH-6)"
"Johnson","TX","Eddie","Bernice","Rep","D","F","RepEBJ","Eddie",30,"D","F","J000126",39305,17,-0.99657435722147,-1.14001700703145,-0.84439608842167,"Johnson (D TX-30)"
"Johnson","TX","Eddie","Bernice","Rep","D","F","RepEBJ","Sam",3,"R","M","J000174",15843,60,1.23425461597834,1.06519278553188,1.4158483083257,"Johnson (R TX-3)"
"Jones","NC","Walter","Beaman","Rep","R","M","RepWalterJones","Walter",3,"R","M","J000255",29546,13,0.0979839007428505,0.00578488059839911,0.190423846782471,"Jones (R NC-3)"
"Jordan","OH","James","","Rep","R","M","Jim_Jordan","Jim",4,"R","M","J000289",20738,23,1.52485961068425,1.2756149070115,1.77060693166579,"Jordan (R OH-4)"
"Keating","MA","Bill","","Rep","D","M","USRep_Keating","Bill",10,"D","M","K000375",NA,35,-0.969833584941535,-1.11031519844303,-0.816655160696225,"Keating (D MA-10)"
"Kind","WI","Ronald","James","Rep","D","M","repronkind","Ron",3,"D","M","K000188",29769,11,-0.796168213684328,-0.924595272272426,-0.671421447432799,"Kind (D WI-3)"
"King","IA","Steve","A.","Rep","R","M","SteveKingPress","Steve",5,"R","M","K000362",20325,33,0.834445650519998,0.704791252070186,0.964966174449009,"King (R IA-5)"
"King","NY","Peter","T.","Rep","R","M","RepPeteKing","Peter",3,"R","M","K000210",29375,12,0.459387117363437,0.348797888636455,0.570535061598635,"King (R NY-3)"
"Kingston","GA","Jack","","Rep","R","M","JackKingston","Jack",1,"R","M","K000220",29338,15,0.907094299461003,0.771512946681793,1.03529985069216,"Kingston (R GA-1)"
"Kinzinger","IL","Adam","","Rep","R","M","RepKinzinger","Adam",11,"R","M","K000378",NA,9,0.550397365572996,0.428658210485338,0.659822704414418,"Kinzinger (R IL-11)"
"Kline","MN","John","P.","Rep","R","M","repjohnkline","John",2,"R","M","K000363",20333,4,1.02540760553892,0.871028422945777,1.17158998949183,"Kline (R MN-2)"
"Kucinich","OH","Dennis","J.","Rep","D","M","Dennis_Kucinich","Dennis",10,"D","M","K000336",29748,9,-1.12503268344123,-1.29601088295064,-0.962203648145193,"Kucinich (D OH-10)"
"Labrador","ID","Raul","","Rep","R","M","Raul_Labrador","Raul",1,"R","M","L000573",NA,25,1.02011200822322,0.875358473997172,1.17203859304547,"Labrador (R ID-1)"
"Landry","LA","Jeff","","Rep","R","M","repjefflandry","Jeff",3,"R","M","L000574",NA,43,1.06778248064739,0.90908855135266,1.2166969718057,"Landry (R LA-3)"
"Langevin","RI","James","R.","Rep","D","M","jimlangevin","Jim",2,"D","M","L000559",20136,18,-1.02130275710886,-1.18033652776624,-0.874045957770934,"Langevin (D RI-2)"
"Lankford","OK","James","","Rep","R","M","replankford","James",5,"R","M","L000575",NA,6,1.06075550310424,0.898505050023537,1.20023757947403,"Lankford (R OK-5)"
"Larsen","WA","Rick","","Rep","D","M","larsenrick","Rick",2,"D","M","L000560",20145,9,-0.77347737097393,-0.903090524828216,-0.651139509805322,"Larsen (D WA-2)"
"Larson","CT","John","B.","Rep","D","M","repjohnlarson","John",1,"D","M","L000557",29908,43,-1.15039151235544,-1.31526952486538,-0.980643657599,"Larson (D CT-1)"
"Latham","IA","Thomas","P.","Rep","R","M","TomLatham","Tom",4,"R","M","L000111",29522,11,0.577723853458679,0.456479896501763,0.689379975750452,"Latham (R IA-4)"
"LaTourette","OH","Steven","C.","Rep","R","M","LaTourette14","Steven",14,"R","M","L000553",29553,19,0.300475230782311,0.198308293273198,0.395954651172602,"LaTourette (R OH-14)"
"Latta","OH","Robert","Edward","Rep","R","M","boblatta","Robert",5,"R","M","L000566",99998,5,1.13559534612661,0.963502660308112,1.29033485429571,"Latta (R OH-5)"
"Lee","NY","Christopher","J.","Rep","R","M","chrislee_ny26","Christopher",26,"R","M","L000568",NA,668,1.10603871999103,0.210480117596012,2.39304465771644,"Lee (R NY-26)"
"Levin","MI","Sander","M.","Rep","D","M","repsandylevin","Sander",12,"D","M","L000263",15032,5,-1.05184222889729,-1.21973796330458,-0.910072074118983,"Levin (D MI-12)"
"Lewis","CA","Jerry","","Rep","R","M","RepJerryLewis","Jerry",41,"R","M","L000274",14644,7,0.619652867114736,0.498614364246945,0.739237229560951,"Lewis (R CA-41)"
"Lewis","GA","John","R.","Rep","D","M","RepJohnLewis","John",5,"D","M","L000287",15430,24,-1.6077320143109,-1.86459458920497,-1.34362216395917,"Lewis (D GA-5)"
"LoBiondo","NJ","Frank","A.","Rep","R","M","RepLoBiondo","Frank",2,"R","M","L000554",29539,4,0.297702283961672,0.192095994656253,0.389011666970519,"LoBiondo (R NJ-2)"
"Long","MO","Billy","","Rep","R","M","BillyLongMO7","Billy",7,"R","M","L000576",NA,54,1.21621591342595,1.03607616069052,1.39787388170802,"Long (R MO-7)"
"Lowey","NY","Nita","M.","Rep","D","F","NitaLowey","Nita",18,"D","F","L000480",15614,9,-1.09842554721901,-1.2619659400355,-0.9225390104961,"Lowey (D NY-18)"
"Lujan","NM","Ben","Ray","Rep","D","M","repbenraylujan","Ben",3,"D","M","L000570",NA,22,-1.04620232601288,-1.19936928050491,-0.875564229688342,"Lujan (D NM-3)"
"Lummis","WY","Cynthia","M.","Rep","R","F","CynthiaLummis","Cynthia",1,"R","F","L000571",NA,30,0.884754264256501,0.746242227015569,1.00663702168434,"Lummis (R WY-1)"
"Mack","FL","Connie","","Rep","R","M","RepConnieMack","Connie",14,"R","M","M001155",20503,25,1.15505688296048,0.989482578552529,1.318080031196,"Mack (R FL-14)"
"Maloney","NY","Carolyn","B.","Rep","D","F","carolynbmaloney","Carolyn",14,"D","F","M000087",29379,26,-1.31266709469476,-1.52383513430293,-1.11835484524299,"Maloney (D NY-14)"
"Manzullo","IL","Donald","A.","Rep","R","M","donmanzullo","Donald",16,"R","M","M001138",29349,47,0.942232775475404,0.790320093393355,1.07369779388525,"Manzullo (R IL-16)"
"Marchant","TX","Kenny","E.","Rep","R","M","RepKenMarchant","Kenny",24,"R","M","M001158",20532,45,1.01775792240074,0.87900927063943,1.17105237348125,"Marchant (R TX-24)"
"Marino","PA","Thomas","","Rep","R","M","RepTomMarino","Tom",10,"R","M","M001179",NA,7,0.801367648089753,0.669186267307288,0.934323743888873,"Marino (R PA-10)"
"Markey","MA","Edward","J.","Rep","D","M","markeymemo","Edward",7,"D","M","M000133",14435,24,-1.69057158638797,-1.93967038972392,-1.40560084722496,"Markey (D MA-7)"
"Matheson","UT","Jim","","Rep","D","M","RepJimMatheson","Jim",2,"D","M","M001142",20140,9,-0.170177248494496,-0.263344379667364,-0.079219370415544,"Matheson (D UT-2)"
"Matsui","CA","Doris","O.","Rep","D","F","DorisMatsui","Doris",5,"D","F","M001163",20538,6,-1.3084915104544,-1.51069057659091,-1.11191602551831,"Matsui (D CA-5)"
"McCarthy","CA","Kevin","","Rep","R","M","GOPWhip","Kevin",22,"R","M","M001165",20703,10,0.99161819052538,0.84524311935539,1.12675235041358,"McCarthy (R CA-22)"
"McCarthy","NY","Carolyn","","Rep","D","F","RepMcCarthyNY","Carolyn",4,"D","F","M000309",29744,91,-0.816666294832496,-0.948587250738136,-0.686183652948383,"McCarthy (D NY-4)"
"McCaul","TX","Michael","T.","Rep","R","M","McCaulPressShop","Michael",10,"R","M","M001157",20530,8,0.796869148738241,0.658260169157617,0.919587484008467,"McCaul (R TX-10)"
"McClintock","CA","Tom","","Rep","R","M","RepMcClintock","Tom",4,"R","M","M001177",NA,5,0.893001359916708,0.762901265206191,1.02156960045734,"McClintock (R CA-4)"
"McCotter","MI","Thaddeus","G.","Rep","R","M","ThadMcCotter","Thaddeus",11,"R","M","M001147",20332,56,0.58143828646105,0.445376977399791,0.693979072434714,"McCotter (R MI-11)"
"McDermott","WA","James","A.","Rep","D","M","RepJimMcDermott","Jim",7,"D","M","M000404",15616,31,-1.48900146038976,-1.74516709370625,-1.27248056342776,"McDermott (D WA-7)"
"McGovern","MA","James","P.","Rep","D","M","RepMcGovern","Jim",3,"D","M","M000312",29729,5,-1.6267894855764,-1.88968543854026,-1.36370698991953,"McGovern (D MA-3)"
"McHenry","NC","Patrick","T.","Rep","R","M","PatrickMcHenry","Patrick",10,"R","M","M001156",20522,15,1.33263791975477,1.12825756030422,1.5197381243214,"McHenry (R NC-10)"
"McIntyre","NC","Mike","","Rep","D","M","repmikemcintyre","Mike",7,"D","M","M000485",29746,24,-0.261781911051515,-0.354859386658548,-0.170768516650322,"McIntyre (D NC-7)"
"McKeon","CA","Howard","P.","Rep","R","M","BuckMcKeon","Howard",25,"R","M","M000508",29315,8,0.708400149314761,0.591681053777735,0.835076926590663,"McKeon (R CA-25)"
"McKinley","WV","David","","Rep","R","M","RepMcKinley","David",1,"R","M","M001180",NA,13,0.50284807997771,0.373404319425708,0.603035057566886,"McKinley (R WV-1)"
"McMorris-Rodgers","WA","Cathy","","Rep","R","F","cathymcmorris","Cathy",5,"R","F","M001159",20535,18,0.845487464374578,0.709118996945256,0.975067652520765,"McMorris Rodgers (R WA-5)"
"McNerney","CA","Gerald","","Rep","D","M","jerrymcnerney","Jerry",11,"D","M","M001166",20702,9,-0.948909361333805,-1.09321619944503,-0.801315915879629,"McNerney (D CA-11)"
"Meehan","PA","Patrick","","Rep","R","M","patmeehanpa","Pat",7,"R","M","M001181",NA,7,0.35274728262702,0.246106848859699,0.455119394372621,"Meehan (R PA-7)"
"Meeks","NY","Gregory","W.","Rep","D","M","GregoryMeeks","Gregory",6,"D","M","M001137",29776,79,-1.09267215817467,-1.27206320260676,-0.931019588685667,"Meeks (D NY-6)"
"Michaud","ME","Michael","H.","Rep","D","M","RepMikeMichaud","Michael",2,"D","M","M001149",20328,8,-0.77457178635901,-0.906583908574219,-0.654082772032535,"Michaud (D ME-2)"
"Miller","CA","Gary","G.","Rep","R","M","repgarymiller","Gary",42,"R","M","M001139",29905,16,1.18638557604257,1.00626047814649,1.34569075410673,"Miller (R CA-42)"
"Miller","CA","Gary","G.","Rep","R","M","repgarymiller","George",7,"D","M","M000725",14256,24,-1.34617885327628,-1.55080826918136,-1.14270041616698,"Miller (D CA-7)"
"Miller","CA","George","","Rep","D","M","askgeorge","Gary",42,"R","M","M001139",29905,16,1.18638557604257,1.00626047814649,1.34569075410673,"Miller (R CA-42)"
"Miller","CA","George","","Rep","D","M","askgeorge","George",7,"D","M","M000725",14256,24,-1.34617885327628,-1.55080826918136,-1.14270041616698,"Miller (D CA-7)"
"Miller","FL","Jeff","","Rep","R","M","CongJeffMiller","Jeff",1,"R","M","M001144",20110,6,1.26932802231992,1.0850502408861,1.4643516181156,"Miller (R FL-1)"
"Miller","MI","Candice","S.","Rep","R","F","CandiceMiller","Candice",10,"R","F","M001150",20331,4,0.667447380027239,0.545644841440735,0.783664082060471,"Miller (R MI-10)"
"Moore","WI","Gwendolynne","S.","Rep","D","F","RepGwenMoore","Gwen",4,"D","F","M001160",20537,35,-1.40043859151113,-1.62868165431869,-1.18597516110458,"Moore (D WI-4)"
"Moran","VA","James","P.","Rep","D","M","Jim_Moran","James",8,"D","M","M000933",15826,23,-1.11634696832523,-1.27990748146683,-0.947249279460861,"Moran (D VA-8)"
"Mulvaney","SC","John ","Michael","Rep","R","M","mickmulvaney","Mick",5,"R","M","M001182",NA,11,1.15956411738216,0.994723847461475,1.31559750177908,"Mulvaney (R SC-5)"
"Murphy","PA","Tim","","Rep","R","M","RepTimMurphy","Tim",18,"R","M","M001151",20346,9,0.648966325709647,0.523591601689249,0.762604638807601,"Murphy (R PA-18)"
"Myrick","NC","Sue","W.","Rep","R","F","SueMyrick","Sue",9,"R","F","M001134",29549,48,0.931249242962727,0.781335138432358,1.07025336376615,"Myrick (R NC-9)"
"Napolitano","CA","Grace","Flores","Rep","D","F","gracenapolitano","Grace",38,"D","F","N000179",29903,27,-1.61462062541138,-1.89435810763854,-1.36431598470199,"Napolitano (D CA-38)"
"Neugebauer","TX","Randy","","Rep","R","M","RandyNeugebauer","Randy",19,"R","M","N000182",20353,11,1.25168930174109,1.06214551529852,1.43217911228501,"Neugebauer (R TX-19)"
"Noem","SD","Kristi","","Rep","R","F","repkristinoem","Kristi",1,"R","F","N000184",NA,7,0.67925647302436,0.551661788083604,0.798479545734614,"Noem (R SD-1)"
"Nugent","FL","Richard","","Rep","R","M","RepRichNugent","Richard",5,"R","M","N000185",NA,9,0.970294756724044,0.823547181509568,1.11640483000311,"Nugent (R FL-5)"
"Nunes","CA","Devin","G.","Rep","R","M","devinnunes","Devin",21,"R","M","N000181",20307,13,1.00219497661638,0.858279429363628,1.14508623519759,"Nunes (R CA-21)"
"Nunnelee","MS","Patrick","Alan","Rep","R","M","AlanNunnelee","Alan",1,"R","M","N000186",NA,17,0.828793361866379,0.691853171905107,0.957736459039976,"Nunnelee (R MS-1)"
"Olson","TX","Pete","","Rep","R","M","OlsonPressShop","Pete",22,"R","M","O000168",NA,9,0.844558516469139,0.712767902173343,0.978142253235656,"Olson (R TX-22)"
"Owens","NY","Bill","","Rep","D","M","BillOwensNY","Bill",23,"D","M","O000169",NA,15,-0.330045019951794,-0.425615252318101,-0.235120731635044,"Owens (D NY-23)"
"Palazzo","MS","Steven","","Rep","R","M","StevenPalazzo","Steven",4,"R","M","P000601",NA,10,0.795003850742165,0.666900230926432,0.921223642434061,"Palazzo (R MS-4)"
"Pallone","NJ","Frank","J.","Rep","D","M","FrankPallone","Frank",6,"D","M","P000034",15619,6,-1.67369771451092,-1.95522632615723,-1.43155086249545,"Pallone (D NJ-6)"
"Paul","TX","Ronald","Ernest","Rep","R","M","RepRonPaul","Ron",14,"R","M","P000583",14290,104,0.532906623446468,0.419850934632483,0.641191382994928,"Paul (R TX-14)"
"Paulsen","MN","Erik","","Rep","R","M","Erik_Paulsen","Erik",3,"R","M","P000594",NA,16,0.678164529130796,0.555030488429565,0.795868346984289,"Paulsen (R MN-3)"
"Pearce","NM","Stevan","E.","Rep","R","M","RepStevePearce","Steve",2,"R","M","P000588",20337,23,0.955547485611954,0.813882685830523,1.09658078663439,"Pearce (R NM-2)"
"Pelosi","CA","Nancy","","Rep","D","F","NancyPelosi","Nancy",8,"D","F","P000197",15447,61,-1.37234125365295,-1.59143633703557,-1.14954577910547,"Pelosi (D CA-8)"
"Pence","IN","Mike","","Rep","R","M","RepMikePence","Mike",6,"R","M","P000587",20117,24,1.30653069068421,1.10490107968741,1.48803646183071,"Pence (R IN-6)"
"Perlmutter","CO","Ed","","Rep","D","M","RepPerlmutter","Ed",7,"D","M","P000593",20705,17,-0.669538301254392,-0.789646183293334,-0.562257607194697,"Perlmutter (D CO-7)"
"Peters","MI","Gary","C.","Rep","D","M","RepGaryPeters","Gary",9,"D","M","P000595",NA,49,-0.617119078349088,-0.726497928828787,-0.506388227621557,"Peters (D MI-9)"
"Pingree","ME","Chellie","M.","Rep","D","F","chelliepingree","Chellie",1,"D","F","P000597",NA,38,-1.25432454193214,-1.46182934029426,-1.07413197127733,"Pingree (D ME-1)"
"Pitts","PA","Joseph","R.","Rep","R","M","RepJoePitts","Joe",16,"R","M","P000373",29752,8,0.978562453310656,0.843736350080171,1.11967879947356,"Pitts (R PA-16)"
"Poe","TX","Ted","","Rep","R","M","JudgeTedPoe","Ted",2,"R","M","P000592",20528,13,0.968203065567516,0.818840611662551,1.10623959177386,"Poe (R TX-2)"
"Polis","CO","Jared","","Rep","D","M","jaredpolis","Jared",2,"D","M","P000598",NA,20,-0.902399645144128,-1.0321470730354,-0.760791368712618,"Polis (D CO-2)"
"Pompeo","KS","Michael","Richard","Rep","R","M","mikepompeo","Mike",4,"R","M","P000602",NA,10,1.44297402863322,1.21990154524756,1.67096589084809,"Pompeo (R KS-4)"
"Posey","FL","Bill","","Rep","R","M","congbillposey","Bill",15,"R","M","P000599",NA,10,0.825965183976244,0.691970031499583,0.952489212557092,"Posey (R FL-15)"
"Price","GA","Thomas","E.","Rep","R","M","RepTomPrice","Tom",6,"R","M","P000591",20505,7,1.29382557824778,1.10168044207949,1.47856573422558,"Price (R GA-6)"
"Quayle","AZ","Ben","","Rep","R","M","benquayle","Ben",3,"R","M","Q000024",NA,65,1.25331731461014,1.0546204863585,1.4322587918052,"Quayle (R AZ-3)"
"Quigley","IL","Mike","","Rep","D","M","RepMikeQuigley","Mike",5,"D","M","Q000023",NA,14,-0.897177218793688,-1.03356097513896,-0.764944379155924,"Quigley (D IL-5)"
"Rangel","NY","Charles","B.","Rep","D","M","cbrangel","Charles",15,"D","M","R000053",13035,91,-1.35902642082461,-1.56438433421662,-1.15794982289448,"Rangel (D NY-15)"
"Reed","NY","Thomas","","Rep","R","M","tomreedcongress","Tom",29,"R","M","R000585",NA,14,0.62087590574793,0.496915838028667,0.734556268527104,"Reed (R NY-29)"
"Rehberg","MT","Dennis","","Rep","R","M","DennyRehberg","Denny",1,"R","M","R000571",20125,8,0.606906158400794,0.488158955051861,0.723619305163484,"Rehberg (R MT-1)"
"Reichert","WA","David","George","Rep","R","M","davereichert","Dave",8,"R","M","R000578",20536,35,0.236015930046585,0.136074123262616,0.329388773595683,"Reichert (R WA-8)"
"Renacci","OH","Jim","","Rep","R","M","repjimrenacci","Jim",16,"R","M","R000586",NA,5,0.731918745615799,0.597414894906255,0.847833745580573,"Renacci (R OH-16)"
"Reyes","TX","Silvestre","","Rep","D","M","silvestrereyes","Silvestre",16,"D","M","R000170",29764,22,-0.701156990244578,-0.815588947068951,-0.575148070824985,"Reyes (D TX-16)"
"Ribble","WI","Reid","","Rep","R","M","RepRibble","Reid",8,"R","M","R000587",NA,23,0.985997490355786,0.838331101885571,1.1241473977663,"Ribble (R WI-8)"
"Richardson","CA","Laura","","Rep","D","F","replrichardson","Laura",37,"D","F","R000581",20572,20,-0.767220506624374,-0.888286058675719,-0.644207592559941,"Richardson (D CA-37)"
"Rigell","VA","Scott","","Rep","R","M","repscottrigell","Scott",2,"R","M","R000589",NA,6,0.697171093756956,0.570434933902632,0.813694696345093,"Rigell (R VA-2)"
"Rivera","FL","David","","Rep","R","M","RepRivera","David",25,"R","M","R000590",NA,5,0.560511297375017,0.43947141797227,0.670585425845594,"Rivera (R FL-25)"
"Roby","AL","Martha","","Rep","R","F","martharoby","Martha",2,"R","F","R000591",NA,6,0.721015862309057,0.588905134828972,0.842032397902413,"Roby (R AL-2)"
"Roe","TN","David","P.","Rep","R","M","DrPhilRoe","Phil",1,"R","M","R000582",NA,8,0.885243798835554,0.744031026611621,1.01209903487741,"Roe (R TN-1)"
"Rogers","AL","Michael","Dennis","Rep","R","M","RepMikeRogersAL","Mike",3,"R","M","R000575",20301,11,0.62284960596387,0.504323025511043,0.745135263353068,"Rogers (R AL-3)"
"Rohrabacher","CA","Dana","T.","Rep","R","M","DanaRohrabacher","Dana",46,"R","M","R000409",15624,21,0.865971327237413,0.732999090404515,0.982899217784769,"Rohrabacher (R CA-46)"
"Rokita","IN","Todd","","Rep","R","M","ToddRokita","Todd",4,"R","M","R000592",NA,62,1.14128884579966,0.97598183989718,1.32334747110659,"Rokita (R IN-4)"
"Rooney","FL","Tom","","Rep","R","M","TomRooney","Tom",16,"R","M","R000583",NA,9,0.906657258344844,0.77552386291035,1.04989600437431,"Rooney (R FL-16)"
"Ros-Lehtinen","FL","Ileana","","Rep","R","F","RosLehtinen","Ileana",18,"R","F","R000435",15637,15,0.398011208757336,0.28300271882985,0.500277211221286,"Ros-Lehtinen (R FL-18)"
"Roskam","IL","Peter","J.","Rep","R","M","PeterRoskam","Peter",6,"R","M","R000580",20715,19,0.810846600972277,0.682932337863981,0.92877894344701,"Roskam (R IL-6)"
"Ross","AR","Mike","","Rep","D","M","RepMikeRoss","Mike",4,"D","M","R000573",20102,14,-0.107380032487527,-0.201049047996955,-0.0153257074908143,"Ross (D AR-4)"
"Ross","FL","Dennis","","Rep","R","M","RepDennisRoss","Dennis",12,"R","M","R000593",NA,6,1.1807359029402,1.02610034205531,1.34867352993181,"Ross (R FL-12)"
"Royce","CA","Edward","R.","Rep","R","M","RepEdRoyce","Ed",40,"R","M","R000487",29321,8,1.16586785283602,1.01207494335724,1.34287799989824,"Royce (R CA-40)"
"Ryan","OH","Timothy","J.","Rep","D","M","timryan","Tim",17,"D","M","R000577",20343,14,-0.95432259071815,-1.09571508903272,-0.802345846674034,"Ryan (D OH-17)"
"Ryan","WI","Paul","D.","Rep","R","M","reppaulryan","Paul",1,"R","M","R000570",29939,6,1.01523614313008,0.875406174093188,1.15482882975375,"Ryan (R WI-1)"
"Sanchez","CA","Loretta","L.","Rep","D","F","lorettasanchez","Loretta",47,"D","F","S000030",29709,61,-0.981165461231851,-1.11946310055379,-0.822813970821445,"Sanchez (D CA-47)"
"Sanchez","CA","Loretta","L.","Rep","D","F","lorettasanchez","Linda",39,"D","F","S001156",20310,29,-1.75738115523675,-2.04380229130464,-1.46376518219116,"Sanchez (D CA-39)"
"Schakowsky","IL","Janice","D.","Rep","D","F","janschakowsky","Jan",9,"D","F","S001145",29911,18,-1.64740755380791,-1.88788178788427,-1.37248885843283,"Schakowsky (D IL-9)"
"Schiff","CA","Adam","B.","Rep","D","M","RepAdamSchiff","Adam",29,"D","M","S001150",20104,5,-0.964341023421648,-1.10216767562931,-0.812515645008078,"Schiff (D CA-29)"
"Schilling","IL","Robert","T","Rep","R","M","RepSchilling","Bobby",17,"R","M","S001182",NA,6,0.616862719327312,0.498761037183515,0.735270113928783,"Schilling (R IL-17)"
"Schmidt","OH","Jean","","Rep","R","F","RepJeanSchmidt","Jean",2,"R","F","S001164",20540,6,0.787437509517878,0.657577199256927,0.901700535572078,"Schmidt (R OH-2)"
"Schock","IL","Aaron","","Rep","R","M","repaaronschock","Aaron",18,"R","M","S001179",NA,40,0.566106231946221,0.455483247347753,0.689669870394532,"Schock (R IL-18)"
"Schrader","OR","Kurt","","Rep","D","M","repschrader","Kurt",5,"D","M","S001180",NA,38,-0.467620412043647,-0.576529904724404,-0.37398741391083,"Schrader (D OR-5)"
"Schweikert","AZ","David","","Rep","R","M","RepDavid","David",5,"R","M","S001183",NA,9,1.09145940811975,0.939059724502552,1.24750725393829,"Schweikert (R AZ-5)"
"Scott","GA","David","","Rep","D","M","repdavidscott","Austin",8,"R","M","S001189",NA,18,1.1332230862145,0.975894724935487,1.29246396352717,"Scott (R GA-8)"
"Scott","GA","David","","Rep","D","M","repdavidscott","David",13,"D","M","S001157",20321,13,-0.846071992430674,-0.975481866657198,-0.706636452605563,"Scott (D GA-13)"
"Scott","GA","James","Austin","Rep","R","M","AustinScottGA08","Austin",8,"R","M","S001189",NA,18,1.1332230862145,0.975894724935487,1.29246396352717,"Scott (R GA-8)"
"Scott","GA","James","Austin","Rep","R","M","AustinScottGA08","David",13,"D","M","S001157",20321,13,-0.846071992430674,-0.975481866657198,-0.706636452605563,"Scott (D GA-13)"
"Scott","SC","Tim","","Rep","R","M","RepTimScott","Tim",1,"R","M","S001184",NA,9,1.3852481563246,1.1914699502497,1.61380058541575,"Scott (R SC-1)"
"Scott","VA","Robert","C.","Rep","D","M","repbobbyscott","Robert",3,"D","M","S000185",39307,9,-0.995004001339616,-1.14921654188228,-0.841431793688896,"Scott (D VA-3)"
"Serrano","NY","Jose","E.","Rep","D","M","repjoseserrano","José",16,"D","M","S000248",15643,9,-1.53587748467994,-1.79677516373093,-1.29388292135477,"Serrano (D NY-16)"
"Sessions","TX","Peter","A.","Rep","R","M","petesessions","Pete",32,"R","M","S000250",29759,15,1.46904722012245,1.23532948530345,1.69796747795042,"Sessions (R TX-32)"
"Sherman","CA","Brad","J.","Rep","D","M","BradSherman","Brad",27,"D","M","S000344",29707,6,-1.03596405499899,-1.19132910607687,-0.877418250007295,"Sherman (D CA-27)"
"Shimkus","IL","John","M.","Rep","R","M","RepShimkus","John",19,"R","M","S000364",29718,16,0.556051857540165,0.43713180138661,0.66729222398254,"Shimkus (R IL-19)"
"Shuster","PA","Bill","","Rep","R","M","RepBillShuster","Bill",9,"R","M","S001154",14052,21,0.67053071462611,0.534478594680397,0.785976870217201,"Shuster (R PA-9)"
"Simpson","ID","Michael","K.","Rep","R","M","CongMikeSimpson","Mike",2,"R","M","S001148",29910,14,0.514444258590385,0.399603328409502,0.625021149079244,"Simpson (R ID-2)"
"Sires","NJ","Albio","","Rep","D","M","Rep_Albio_Sires","Albio",13,"D","M","S001165",20542,13,-0.955953008793832,-1.09048393378567,-0.802841877998563,"Sires (D NJ-13)"
"Slaughter","NY","Louise","McIntosh","Rep","D","F","louiseslaughter","Louise",28,"D","F","S000480",15443,64,-1.43019143614126,-1.67210336172045,-1.22095757836747,"Slaughter (D NY-28)"
"Smith","TX","Lamar","S.","Rep","R","M","LamarSmithTX21","Lamar",21,"R","M","S000583",15444,16,0.719645278817528,0.591422846423102,0.840269659510308,"Smith (R TX-21)"
"Smith","WA","Adam","","Rep","D","M","Rep_Adam_Smith","Adam",9,"D","M","S000510",29768,33,-0.679529880028763,-0.793617232912414,-0.559073845426668,"Smith (D WA-9)"
"Southerland","FL","William","","Rep","R","M","Rep_Southerland","Steve",2,"R","M","S001186",NA,5,1.16724858227504,1.00140950204556,1.32803550102525,"Southerland (R FL-2)"
"Speier","CA","K. Jacqueline","","Rep","D","F","repspeier","Jackie",12,"D","F","S001175",NA,58,-0.999202458652027,-1.14169832195808,-0.84556453415291,"Speier (D CA-12)"
"Stearns","FL","Clifford","B.","Rep","R","M","RepCliffStearns","Cliff",6,"R","M","S000822",15630,9,1.04308959599286,0.887263386870581,1.18255627355335,"Stearns (R FL-6)"
"Stivers","OH","Steven","","Rep","R","M","RepSteveStivers","Steve",15,"R","M","S001187",NA,88,0.482314258601458,0.359879458672516,0.588273293566375,"Stivers (R OH-15)"
"Stutzman","IN","Marlin","","Rep","R","M","marlinstutzman","Marlin",3,"R","M","S001188",NA,19,1.40077052023113,1.17657745721353,1.6138357741648,"Stutzman (R IN-3)"
"Sullivan","OK","John","A.","Rep","R","M","USRepSullivan","John",1,"R","M","S001155",20131,40,0.850464288475611,0.710938190671715,0.976881860830055,"Sullivan (R OK-1)"
"Terry","NE","Lee","R.","Rep","R","M","LEETERRYNE","Lee",2,"R","M","T000459",29921,9,0.700399299424135,0.581798466695465,0.819449062787241,"Terry (R NE-2)"
"Thompson","MS","Bennie","G.","Rep","D","M","BennieGThompson","Bennie",2,"D","M","T000193",29368,13,-0.945621742821703,-1.09267847396811,-0.804152205796617,"Thompson (D MS-2)"
"Thompson","PA","Glenn","W.","Rep","R","M","CongressmanGT","Glenn",5,"R","M","T000467",NA,5,0.611413940592317,0.487390902792673,0.725705601789638,"Thompson (R PA-5)"
"Tipton","CO","Scott","","Rep","R","M","RepTipton","Scott",3,"R","M","T000470",NA,5,0.768358630136861,0.627828564384956,0.885798110551254,"Tipton (R CO-3)"
"Tonko","NY","Paul","D.","Rep","D","M","PaulTonko","Paul",21,"D","M","T000469",NA,7,-1.38109135590783,-1.59992442427382,-1.17356693257237,"Tonko (D NY-21)"
"Towns","NY","Edolphus","","Rep","D","M","edtowns","Edolphus",10,"D","M","T000326",15072,46,-1.80337640142192,-2.10509586965702,-1.52341914965389,"Towns (D NY-10)"
"Tsongas","MA","Nicola","S.","Rep","D","F","ntsongas","Niki",5,"D","F","T000465",20754,38,-1.08472232764076,-1.25147438405663,-0.918715748460822,"Tsongas (D MA-5)"
"Upton","MI","Frederick","Stephen","Rep","R","M","RepFredUpton","Fred",6,"R","M","U000031",15445,4,0.56192639932701,0.444781024633798,0.676625769913723,"Upton (R MI-6)"
"Visclosky","IN","Peter","J.","Rep","D","M","repvisclosky","Peter",1,"D","M","V000108",15240,18,-0.693678901908849,-0.810475568628969,-0.579205716786163,"Visclosky (D IN-1)"
"Walberg","MI","Timothy","L.","Rep","R","M","RepWalberg","Tim",7,"R","M","W000798",20725,12,1.08014099817561,0.935004623360501,1.23245810134064,"Walberg (R MI-7)"
"Walden","OR","Greg","P.","Rep","R","M","repgregwalden","Greg",2,"R","M","W000791",29932,11,0.553834761784302,0.433025857158047,0.672143538228837,"Walden (R OR-2)"
"Walsh","IL","Joe","","Rep","R","M","joewalsh8th","Joe",8,"R","M","W000811",NA,10,1.01639116764904,0.866159436242108,1.15066480199435,"Walsh (R IL-8)"
"Waters","CA","Maxine","","Rep","D","F","MaxineWaters","Maxine",35,"D","F","W000187",15840,62,-1.14659480391734,-1.31696148796207,-0.976176752055688,"Waters (D CA-35)"
"Weiner","NY","Anthony","David","Rep","D","M","repweiner","Anthony",9,"D","M","W000792",29926,293,-1.18321461757939,-1.39905124810846,-0.983205358086336,"Weiner (D NY-9)"
"West","FL","Allen","","Rep","R","M","AllenWest","Allen",22,"R","M","W000807",NA,6,0.802876942019477,0.676978895054544,0.934499116590144,"West (R FL-22)"
"Westmoreland","GA","Lynn","A.","Rep","R","M","repwestmoreland","Lynn",3,"R","M","W000796",20506,16,1.1855998111927,1.01178123213759,1.35160365504848,"Westmoreland (R GA-3)"
"Wilson","FL","Frederica","","Rep","D","F","RepWilson","Frederica",17,"D","F","W000808",NA,48,-1.25371362595765,-1.45151075345603,-1.058397656249,"Wilson (D FL-17)"
"Wilson","SC","Addison","Graves","Rep","R","M","CongJoeWilson","Joe",2,"R","M","W000795",20138,22,1.31951756160322,1.1142441219713,1.50563589270054,"Wilson (R SC-2)"
"Wittman","VA","Robert","J.","Rep","R","M","RobWittman","Robert",1,"R","M","W000804",99997,24,0.603927697334665,0.481602175833857,0.72302891217942,"Wittman (R VA-1)"
"Womack","AR","Steve","","Rep","R","M","Rep_SteveWomack","Steve",3,"R","M","W000809",NA,4,0.70506369468072,0.589446824396277,0.835056146585689,"Womack (R AR-3)"
"Woolsey","CA","Lynn","C.","Rep","D","F","RepLynnWoolsey","Lynn",6,"D","F","W000738",29309,12,-1.55382313273733,-1.79523752629366,-1.32519039717843,"Woolsey (D CA-6)"
"Yoder","KS","Kevin","","Rep","R","M","KevinYoder","Kevin",3,"R","M","Y000063",NA,5,1.06429820284747,0.900851202739121,1.20229965712894,"Yoder (R KS-3)"
"Young","AK","Donald","E.","Rep","R","M","repdonyoung","Don",1,"R","M","Y000033",14066,103,0.580760956706777,0.465067682243819,0.700104750470625,"Young (R AK-1)"
"Young","IN","Todd","","Rep","R","M","RepToddYoung","Todd",9,"R","M","Y000064",NA,6,1.10497302802634,0.94890740809476,1.25452861034448,"Young (R IN-9)"
